<?xml version="1.0" encoding="UTF-8"?>
<project-private xmlns="http://www.netbeans.org/ns/project-private/1">
    <data xmlns="http://www.netbeans.org/ns/make-project-private/1">
        <activeConfTypeElem>1</activeConfTypeElem>
        <activeConfIndexElem>0</activeConfIndexElem>
    </data>
    <editor-bookmarks xmlns="http://www.netbeans.org/ns/editor-bookmarks/2" lastBookmarkId="0"/>
    <open-files xmlns="http://www.netbeans.org/ns/projectui-open-files/2">
        <group>
            <file>file:/C:/Users/nemo/Documents/Programming/FastTrack/C%20Programming/My-homework/11-C-Characters-Strings/11.ImplementStringSearchFunction/main.c</file>
        </group>
    </open-files>
</project-private>
